customer_id,visits,avg_spend,avg_drink_ratio,avg_duration,avg_hour,total_revenue,total_profit,cluster
C00001,4,1401.25,0.409975,106.25,21.0,14400.0,8650.0,2
C00003,3,1241.6666666666667,0.3529,63.0,19.0,10330.0,5864.8,1
C00004,3,1058.8999999999999,0.47056666666666674,89.33333333333333,21.333333333333332,8380.0,5007.8,0
C00008,3,1118.8999999999999,0.3192,115.33333333333333,20.333333333333332,7140.0,4049.8,0
C00012,2,859.15,0.43065,95.5,22.0,5860.0,3426.0,0
C00013,2,1185.85,0.44835,124.0,18.0,8350.0,4786.4,0
C00016,2,895.0,0.33215,100.5,20.5,7160.0,3759.0,0
C00018,2,1126.25,0.3992,118.5,21.5,6770.0,3892.2,0
C00019,2,1270.0,0.68085,81.5,22.5,7370.0,4460.8,0
C00020,2,1207.0,0.41169999999999995,101.5,18.5,7720.0,4339.8,0
C00022,3,1111.6666666666667,0.39316666666666666,87.33333333333333,19.666666666666668,6670.0,4179.6,1
C00023,3,1173.8999999999999,0.6281,123.0,20.333333333333332,8110.0,5064.8,0
C00024,2,1125.85,0.46915,113.0,19.0,5850.0,3401.0,0
C00026,3,804.4333333333334,0.49266666666666664,76.0,20.333333333333332,5700.0,3212.4,0
C00027,2,863.35,0.1125,101.0,18.5,3980.0,1903.8000000000002,1
C00028,2,853.35,0.3099,95.5,19.5,6080.0,3461.0,1
C00030,2,1315.0,0.5083,83.0,20.5,9170.0,5336.4,0
C00031,3,803.3333333333334,0.34823333333333334,85.33333333333333,20.666666666666668,6670.0,3810.0,1
C00032,2,940.0,0.47745000000000004,85.0,20.5,4460.0,2697.2,0
C00034,4,938.75,0.46862499999999996,86.25,20.75,9920.0,5476.8,2
C00038,3,918.3333333333334,0.22336666666666663,72.33333333333333,19.666666666666668,6250.0,3322.2,1
C00040,2,774.15,0.3889,103.0,19.5,7010.0,4035.0,1
C00041,2,941.65,0.4321,110.5,22.0,4170.0,2721.0,0
C00043,2,1143.0,0.4086,125.5,20.0,6900.0,4200.0,0
C00044,5,1089.66,0.3512,77.6,20.2,10370.0,6160.0,2
C00046,3,777.7666666666668,0.4071,76.66666666666667,20.666666666666668,4720.0,2539.2,1
C00048,2,1162.5,0.4022,95.5,19.5,4650.0,2948.8,0
C00049,3,1011.6666666666666,0.3409,95.66666666666667,19.333333333333332,13450.0,7245.4,1
C00051,3,774.7333333333332,0.2044,93.33333333333333,19.0,8730.0,4818.6,1
C00054,2,923.35,0.5629,61.5,21.0,4600.0,2646.6,0
C00058,3,1220.5666666666666,0.5411333333333334,132.0,22.0,11210.0,6690.6,0
C00059,5,1022.26,0.37808,96.2,18.8,16020.0,9239.4,2
C00060,3,933.3333333333334,0.3565666666666667,95.0,20.666666666666668,7740.0,4825.6,0
C00061,2,712.1,0.40915,104.5,20.5,4990.0,2663.3999999999996,0
C00063,5,823.6600000000001,0.3496,95.4,20.4,10400.0,6249.6,2
C00064,3,1074.4333333333334,0.3490666666666667,93.0,20.333333333333332,7400.0,4194.0,0
C00065,3,1181.1000000000001,0.6443,105.66666666666667,19.0,8620.0,5272.400000000001,0
C00066,3,580.0,0.32266666666666666,77.66666666666667,18.333333333333332,2640.0,1273.8,1
C00067,3,1235.0,0.2833666666666667,99.33333333333333,19.666666666666668,11250.0,6548.6,1
C00070,4,1207.5,0.4026,91.25,20.5,11560.0,6584.2,2
C00071,9,1012.2555555555555,0.4120333333333333,96.44444444444444,20.333333333333332,27340.0,15618.2,2
C00072,2,905.0,0.44245,96.0,22.0,3620.0,2179.6,0
C00074,3,955.5666666666666,0.30866666666666664,97.0,20.666666666666668,5630.0,3210.6000000000004,0
C00075,4,799.75,0.326175,76.5,20.0,8630.0,4901.6,2
C00076,2,1140.85,0.3317,77.0,18.0,5690.0,3025.3999999999996,1
C00077,2,1202.5,0.48565,129.5,21.0,6390.0,3910.6000000000004,0
C00078,2,930.4,0.42460000000000003,119.0,19.5,6770.0,4026.6,0
C00080,2,703.35,0.3958,105.5,21.0,5640.0,3425.6000000000004,0
C00086,3,875.5666666666666,0.5328,90.0,19.333333333333332,9360.0,5708.8,0
C00089,2,1138.35,0.23185,66.5,19.0,4750.0,2665.0,1
C00090,5,1021.0,0.50618,90.4,20.4,12360.0,7293.6,2
C00091,3,983.3333333333334,0.46946666666666664,86.33333333333333,20.333333333333332,10280.0,6136.2,0
C00092,3,1145.0,0.37293333333333334,96.66666666666667,18.666666666666668,8800.0,4837.0,1
C00093,2,941.65,0.6017,127.0,22.0,4930.0,2836.6000000000004,0
C00096,2,1058.35,0.3657,84.5,20.5,4660.0,2666.4,0
C00100,4,1237.5,0.5768249999999999,108.25,20.5,11990.0,7413.0,2
C00102,2,1095.0,0.39785000000000004,61.5,21.5,4380.0,2620.8,0
C00103,5,987.3399999999999,0.40608000000000005,97.0,19.6,12780.0,7352.6,2
C00104,2,841.65,0.49829999999999997,76.5,20.5,3940.0,2437.4,0
C00106,2,1231.65,0.33635,116.5,21.5,6320.0,3981.2000000000003,0
C00108,3,1373.3333333333333,0.25156666666666666,82.0,18.0,8240.0,4728.200000000001,1
C00110,3,1320.0,0.5686,82.33333333333333,22.666666666666668,5270.0,3468.6,0
C00111,4,914.925,0.35524999999999995,96.25,19.25,13780.0,7701.8,2
C00112,3,1090.0,0.3441,72.0,19.666666666666668,6540.0,3663.0,1
C00113,3,1031.8333333333333,0.5781666666666666,92.0,20.666666666666668,11550.0,6489.0,0
C00114,2,760.0,0.19824999999999998,75.5,19.0,3040.0,1575.0,1
C00117,3,1138.0,0.48710000000000003,115.33333333333333,22.0,9990.0,6310.0,0
C00118,4,1121.675,0.28595,82.25,20.75,6940.0,3919.0,2
C00119,2,1096.65,0.3476,79.0,19.5,5220.0,3031.0,1
C00124,2,1025.0,0.2817,87.5,19.5,4100.0,2399.4,1
C00127,4,1149.375,0.498575,86.0,21.75,17120.0,10553.8,2
C00128,2,752.5,0.6008500000000001,101.0,19.0,3010.0,1823.1999999999998,0
C00129,4,712.925,0.22755,83.0,19.0,5810.0,3194.4,1
C00131,2,1030.0,0.47750000000000004,89.5,20.0,6060.0,3617.2000000000003,0
C00134,2,952.5,0.3913,84.0,20.0,3810.0,2189.4,1
C00138,3,741.0,0.3280666666666667,81.0,19.0,8290.0,4353.0,1
C00139,2,1400.0,0.47805,101.5,21.0,7960.0,4815.4,0
C00140,2,752.5,0.36019999999999996,115.5,21.0,7790.0,4388.4,0
C00141,3,950.0,0.5074333333333333,94.66666666666667,21.666666666666668,7400.0,4538.200000000001,0
C00142,2,576.25,0.4598,102.5,21.0,3530.0,2103.2,0
C00143,3,975.0,0.17636666666666664,85.66666666666667,19.666666666666668,8020.0,4720.6,1
C00144,2,732.0,0.13495000000000001,57.5,21.0,4860.0,2722.2,1
C00145,2,1230.0,0.40095000000000003,56.0,20.5,4920.0,3108.2,1
C00146,2,575.0,0.2544,54.0,19.5,2300.0,1153.4,1
C00147,5,982.3399999999999,0.51912,105.6,21.4,10420.0,6691.2,2
C00149,2,953.75,0.1468,101.5,20.0,5050.0,2882.6,1
C00150,3,733.3333333333334,0.33203333333333335,70.33333333333333,19.666666666666668,6220.0,3473.0,1
C00152,2,455.0,0.27085,73.5,20.5,1340.0,769.0,1
C00153,3,973.3333333333334,0.34726666666666667,108.0,21.0,9400.0,5645.2,0
C00154,2,955.0,0.28655,87.0,21.5,6420.0,3815.2000000000003,0
C00155,2,889.6,0.54865,111.5,20.0,6450.0,3637.6,0
C00157,2,897.0,0.48015,131.5,20.0,8220.0,4451.6,0
C00158,3,1300.8333333333333,0.4832,107.0,19.0,10280.0,5952.8,0
C00159,3,1080.0,0.31053333333333333,94.66666666666667,20.0,5820.0,3372.6,1
C00160,3,895.5666666666666,0.6244999999999999,92.66666666666667,21.0,10480.0,6266.2,0
C00161,5,960.8,0.32996,84.8,19.6,18150.0,9700.2,2
C00166,2,1280.5,0.44235,73.5,20.5,7900.0,4687.200000000001,0
C00168,2,1047.5,0.3567,103.0,20.5,8570.0,5403.400000000001,0
C00171,3,1158.6666666666667,0.3773333333333333,94.0,18.666666666666668,11600.0,6932.999999999999,1
C00172,3,923.3333333333334,0.5520333333333333,74.0,20.666666666666668,5620.0,3219.3999999999996,0
C00175,2,766.65,0.22544999999999998,83.5,19.0,4600.0,2386.0,1
C00176,2,985.85,0.36405,60.0,20.5,6800.0,3903.2,1
C00177,2,1103.35,0.3424,91.0,21.5,5640.0,3317.8,0
C00179,3,842.3333333333334,0.3687666666666667,77.0,18.666666666666668,10020.0,5523.4,1
C00180,3,1060.6666666666667,0.4204666666666667,117.0,19.666666666666668,9310.0,5738.2,0
C00182,3,1316.6666666666667,0.4385333333333333,94.33333333333333,19.666666666666668,9500.0,5897.8,0
C00185,4,1071.25,0.32695,103.0,19.75,11300.0,6669.6,2
C00186,4,1019.575,0.41452500000000003,104.0,20.0,10860.0,5638.0,2
C00187,2,1049.15,0.2187,65.5,19.0,7210.0,3842.6,1
C00188,2,853.35,0.38284999999999997,107.0,20.5,4110.0,2461.4,0
C00190,3,782.7666666666668,0.36400000000000005,101.66666666666667,22.0,5400.0,3164.8,0
C00192,2,1597.5,0.46205,101.0,19.0,8470.0,5081.0,0
C00193,2,883.75,0.37285,97.0,21.0,5670.0,3333.0,0
C00196,2,1351.25,0.2911,65.5,19.0,6850.0,4064.0,1
C00198,5,1363.84,0.4625,103.8,20.6,17690.0,10712.8,2
C00199,2,944.15,0.37585,120.0,20.5,4790.0,2750.6,0
C00200,4,1085.625,0.526925,108.75,20.0,11940.0,7090.799999999999,2
C00202,4,1382.5,0.332825,93.5,21.5,11060.0,6263.2,2
C00203,6,1060.8333333333333,0.49763333333333337,98.16666666666667,20.5,16410.0,9743.4,2
C00205,2,1061.25,0.3983,87.5,20.0,6290.0,3685.2,0
C00206,2,1225.0,0.3715,149.5,19.0,8480.0,4517.200000000001,0
C00207,3,1171.1000000000001,0.46986666666666665,94.33333333333333,22.0,10440.0,5791.2,0
C00210,3,828.9,0.24186666666666667,93.33333333333333,20.0,8360.0,4214.0,1
C00213,2,1310.0,0.3446,78.0,22.0,5240.0,2742.6,0
C00214,2,952.5,0.2447,78.0,18.0,8770.0,4982.6,1
C00215,2,901.25,0.33805,85.0,19.0,7210.0,3894.4,1
C00216,2,965.0,0.24684999999999999,75.0,18.0,3860.0,2074.0,1
C00220,5,1211.2,0.38764,112.2,20.2,13250.0,7977.400000000001,2
C00222,4,667.5,0.2333,86.5,19.0,6820.0,3904.4,1
C00224,4,984.375,0.46499999999999997,120.25,21.75,11080.0,6868.2,2
C00226,2,1120.0,0.47975,85.5,22.0,6620.0,3733.2000000000003,0
C00228,3,1293.3333333333333,0.5071666666666667,85.66666666666667,21.666666666666668,9900.0,5758.6,0
C00230,2,995.0,0.51045,104.5,20.5,3980.0,2264.6,0
C00232,3,851.6666666666666,0.3789,92.66666666666667,20.666666666666668,6880.0,4290.4,0
C00237,6,1083.6166666666666,0.5528000000000001,87.66666666666667,21.0,14410.0,8940.2,2
C00238,2,770.0,0.23760000000000003,67.5,19.0,4620.0,2578.6,1
C00240,2,766.65,0.31885,106.0,21.0,4600.0,2628.0,0
C00242,3,1084.6666666666667,0.5033333333333333,91.0,20.333333333333332,9970.0,5878.8,0
C00245,2,1026.25,0.52155,103.5,19.0,4670.0,2667.6,0
C00246,2,907.5,0.3421,65.0,19.5,3720.0,2014.0,1
C00247,4,1196.25,0.6974,90.5,22.0,6080.0,3985.4,2
C00249,3,1077.7666666666667,0.4406666666666667,92.66666666666667,20.666666666666668,7080.0,4034.2,0
C00253,2,922.5,0.57945,99.0,18.0,3690.0,2126.8,0
C00255,3,1035.0,0.2782,60.0,18.666666666666668,6210.0,3758.6000000000004,1
C00257,5,1211.3200000000002,0.39693999999999996,113.4,21.0,16100.0,8719.6,2
C00262,2,1650.0,0.48585,106.0,20.0,4860.0,3051.2,0
C00265,7,789.3285714285714,0.4841285714285714,103.14285714285714,21.0,19870.0,11753.0,2
C00267,2,1091.25,0.5249,125.5,22.0,6570.0,3962.3999999999996,0
C00268,2,560.0,0.0,47.5,19.0,2240.0,1049.2,1
C00270,2,936.65,0.28285,108.5,18.5,5620.0,3044.8,1
C00271,4,1038.75,0.3967,112.0,20.5,8310.0,4867.2,2
C00272,3,784.1666666666666,0.48763333333333336,108.33333333333333,21.666666666666668,8890.0,5432.4,0
C00273,3,676.6666666666666,0.46280000000000004,74.0,20.666666666666668,4060.0,2359.4,1
C00274,3,905.0,0.41133333333333333,92.33333333333333,19.333333333333332,7500.0,4449.2,1
C00275,2,976.65,0.47050000000000003,86.5,21.5,5140.0,3151.2,0
C00277,3,1442.5,0.3854666666666667,80.66666666666667,20.333333333333332,8710.0,4773.8,0
C00280,3,993.3333333333334,0.15186666666666668,79.66666666666667,20.0,8940.0,4648.6,1
C00282,2,1117.5,0.3268,128.5,21.5,6240.0,3494.2,0
C00284,2,775.0,0.44055,103.5,22.5,3100.0,1748.6,0
C00289,3,1000.0,0.4395,82.33333333333333,22.666666666666668,6000.0,3266.6,0
C00293,2,987.5,0.31465,93.5,20.0,6420.0,3349.8,1
C00298,3,915.0,0.34336666666666665,57.666666666666664,19.666666666666668,6240.0,3713.6,1
C00300,4,1094.575,0.492425,121.75,21.0,14070.0,8606.4,2
C00301,2,745.0,0.22025,78.5,21.0,4700.0,2508.8,1
C00302,2,1130.0,0.4928,152.5,21.0,11000.0,6288.0,0
C00310,2,1157.5,0.46504999999999996,119.5,20.5,9260.0,5552.2,0
C00315,3,683.9,0.3019,79.66666666666667,18.666666666666668,7130.0,3989.2,1
C00322,2,1001.25,0.4479,91.0,21.0,6150.0,3935.2000000000003,0
C00325,2,1125.0,0.34175,75.5,19.5,5760.0,2975.0,1
C00326,2,985.0,0.10685,65.0,19.5,3140.0,1745.6,1
C00328,2,1175.0,0.4578,123.5,19.5,6540.0,3687.6,0
C00334,2,722.5,0.43115000000000003,89.0,18.5,4680.0,2528.2,1
C00337,2,1212.5,0.19635000000000002,94.0,20.0,4750.0,2626.0,1
C00340,3,768.9,0.29506666666666664,110.33333333333333,20.0,5410.0,3166.6,1
C00342,2,860.85,0.39215,107.0,21.0,5920.0,3426.4,0
C00345,4,984.15,0.45885000000000004,113.5,21.0,15300.0,9039.4,2
C00346,2,750.85,0.23509999999999998,87.5,21.0,5330.0,3136.3999999999996,1
C00351,3,710.0,0.27813333333333334,102.0,20.0,6880.0,3860.7999999999997,1
C00353,2,886.5,0.3469,110.5,19.5,8080.0,4498.6,0
C00354,2,545.0,0.10565,54.0,17.5,2560.0,1285.8000000000002,1
C00357,3,980.5666666666666,0.531,112.0,21.333333333333332,11290.0,7014.799999999999,0
C00358,2,683.75,0.19965,67.5,18.5,4150.0,2317.6,1
C00369,2,695.0,0.27725,111.0,20.5,2400.0,1401.8,1
C00370,2,744.15,0.51625,103.0,22.5,3530.0,2249.2,0
C00373,3,1115.5666666666666,0.328,130.0,20.0,8880.0,5439.4,0
C00375,3,1401.1000000000001,0.33349999999999996,109.33333333333333,20.333333333333332,9840.0,5670.0,0
C00377,3,696.6666666666666,0.21643333333333334,72.33333333333333,19.0,5230.0,2978.2,1
C00381,4,853.125,0.3199,109.75,20.5,9150.0,5207.0,2
C00382,2,900.0,0.11505,90.5,20.0,3600.0,1761.0,1
C00386,2,949.15,0.39225,105.0,20.5,4990.0,3223.6,0
C00387,5,1111.0,0.35492,104.6,20.4,17040.0,9535.0,2
C00394,2,1035.0,0.40025,63.5,21.5,4140.0,2416.4,0
C00395,2,1005.0,0.48695,125.0,21.5,6200.0,4046.4,0
C00397,2,1115.0,0.5422,109.0,22.0,3200.0,2177.4,0
C00399,2,632.5,0.45955,86.5,20.5,2530.0,1555.0,0
C00403,2,893.75,0.36929999999999996,134.5,20.5,7150.0,4017.2000000000003,0
C00408,2,684.0,0.25,102.0,20.0,4920.0,2727.4,1
C00411,2,825.0,0.14775,82.5,19.0,2420.0,1132.8000000000002,1
C00412,2,1048.75,0.28755000000000003,131.5,18.5,6650.0,3857.8,0
C00416,3,1191.6666666666667,0.5197666666666667,85.0,20.0,7150.0,4317.0,0
C00418,2,960.5,0.38645,97.0,19.0,8760.0,5292.799999999999,1
C00421,2,1356.65,0.32505,72.5,19.5,6600.0,3870.8,1
C00422,2,750.0,0.3306,59.5,18.0,2340.0,1289.8,1
C00423,2,1310.0,0.42350000000000004,78.5,21.5,4100.0,2688.4,0
C00424,2,1075.0,0.3669,109.0,21.0,6420.0,3878.8,0
C00425,2,681.0,0.1456,119.0,20.0,5290.0,2728.8,1
C00426,2,902.5,0.49625,109.0,20.0,6280.0,3634.8,0
C00427,2,1533.35,0.3385,95.5,18.0,10880.0,5976.2,1
C00429,2,510.0,0.39265,47.0,22.0,2040.0,1089.6,1
C00433,4,697.5,0.42517499999999997,91.25,20.5,7570.0,4564.2,2
C00438,3,743.3333333333334,0.4237333333333333,92.66666666666667,21.666666666666668,3440.0,1958.2,0
C00439,2,1101.25,0.50745,128.0,21.5,7130.0,4373.0,0
C00444,2,1045.0,0.5326,82.0,22.0,4180.0,2467.2,0
C00447,3,831.9333333333334,0.3532,102.0,19.0,10530.0,5779.400000000001,1
C00451,2,1171.65,0.49785,122.5,22.0,5520.0,3362.8,0
C00456,2,1222.5,0.4672,100.5,24.0,3110.0,1844.0,0
C00457,5,1008.3399999999999,0.3447,84.2,20.2,12670.0,7452.8,2
C00465,2,871.25,0.42735,93.0,22.0,4750.0,2911.4,0
C00467,2,790.0,0.29905,101.5,20.5,4640.0,2468.8,1
C00472,2,1307.5,0.48585,107.0,22.0,5230.0,3301.4,0
C00474,2,643.35,0.2881,111.5,21.0,5000.0,2761.8,0
C00484,3,650.0,0.36803333333333327,85.0,19.666666666666668,7130.0,4079.8,1
C00485,3,970.0,0.3420666666666667,87.0,21.666666666666668,7870.0,4872.4,0
C00488,2,435.0,0.0,60.5,19.0,1740.0,948.8,1
C00492,2,1091.65,0.1376,76.0,19.0,5400.0,2855.0,1
C00494,2,658.3,0.42905,80.5,18.5,3950.0,2227.2,1
C00497,3,748.3333333333334,0.4081333333333333,99.33333333333333,22.333333333333332,4490.0,2781.3999999999996,0
C00498,2,850.0,0.26565,60.0,20.0,3400.0,1786.0,1
C00501,2,1085.0,0.58135,105.0,23.0,6780.0,4232.4,0
C00503,2,609.15,0.20795000000000002,84.0,18.0,4220.0,2249.8,1
C00506,3,825.5666666666666,0.47163333333333335,94.0,20.666666666666668,6050.0,3655.0,0
C00507,2,585.0,0.5569500000000001,131.0,20.5,4110.0,2586.3999999999996,0
C00509,2,575.0,0.6473,90.5,18.5,2300.0,1366.8,0
C00510,2,912.5,0.3452,115.5,22.0,6120.0,3648.8,0
C00512,3,678.3333333333334,0.3618333333333333,82.0,20.666666666666668,5480.0,2882.0,1
C00515,2,671.65,0.0,66.0,20.0,3400.0,1864.4,1
C00516,3,880.0,0.4050666666666667,79.0,21.0,6960.0,4238.4,0
C00517,2,893.35,0.3654,81.0,19.0,4200.0,2262.3999999999996,1
C00524,2,862.5,0.35509999999999997,117.5,18.5,4360.0,2621.4,1
C00525,4,862.075,0.3877,107.5,20.75,8740.0,5205.2,2
C00529,3,1023.3333333333334,0.27153333333333335,111.0,20.666666666666668,6220.0,3688.6000000000004,0
C00530,2,1218.35,0.30469999999999997,95.5,19.0,8580.0,4847.799999999999,1
C00531,2,938.35,0.24184999999999998,66.0,18.5,4520.0,2318.4,1
C00532,2,840.0,0.4176,141.5,22.0,3360.0,2030.2,0
C00535,3,996.6666666666666,0.5114,112.66666666666667,20.666666666666668,7720.0,4826.400000000001,0
C00536,3,1085.0,0.3385666666666667,118.0,21.666666666666668,9060.0,5417.8,0
C00537,2,997.5,0.37205,91.0,20.0,6430.0,3576.2,0
C00540,2,690.0,0.16665,85.5,21.0,4140.0,2446.2,1
C00541,2,827.5,0.38280000000000003,110.0,20.5,4790.0,2918.4,0
C00545,4,943.325,0.238025,85.0,20.0,11440.0,6467.4,2
C00547,2,1050.0,0.24995,69.0,20.5,4200.0,2405.8,1
C00548,2,972.5,0.4057,91.0,20.5,6300.0,3548.3999999999996,0
C00549,2,920.0,0.35795,71.5,20.5,3680.0,2026.0,1
C00551,4,1139.575,0.538775,118.75,20.25,14240.0,8561.2,2
C00552,2,880.85,0.3428,101.5,21.5,3950.0,2466.2,0
C00555,3,1107.7666666666667,0.2847,86.0,19.666666666666668,8120.0,4541.0,1
C00557,3,971.6666666666666,0.5452666666666667,114.66666666666667,20.666666666666668,13920.0,8666.8,0
C00562,3,911.6666666666666,0.23796666666666666,91.33333333333333,19.666666666666668,7930.0,4526.0,1
C00565,3,881.6666666666666,0.5637333333333333,77.66666666666667,20.666666666666668,7940.0,5000.4,0
C00567,3,981.1,0.3460666666666667,82.66666666666667,19.666666666666668,7660.0,4382.4,1
C00571,3,681.6666666666666,0.3124,112.0,21.0,5260.0,3005.0,0
C00572,2,1050.0,0.32535,57.5,21.0,5680.0,3330.0,1
C00575,2,993.35,0.1858,141.5,22.0,4960.0,2939.2,0
C00577,3,1414.4333333333334,0.3219,108.33333333333333,19.333333333333332,9400.0,5072.6,0
C00580,2,960.0,0.44465,102.0,21.0,3840.0,2473.4,0
C00585,3,906.6666666666666,0.36366666666666664,87.0,20.666666666666668,5440.0,3147.0,1
C00587,2,1052.5,0.52235,112.0,20.5,6320.0,3657.2,0
C00590,3,1079.1666666666667,0.3731,82.33333333333333,20.0,9310.0,5656.8,1
C00592,2,560.0,0.3762,84.0,19.0,2940.0,1670.2,1
C00598,2,837.5,0.35345000000000004,95.5,21.0,4780.0,2918.4,0
C00603,2,718.75,0.22115,101.0,21.0,4650.0,2777.8,1
C00606,3,825.0,0.22220000000000004,101.66666666666667,20.333333333333332,6750.0,3524.2,1
C00607,2,777.5,0.37695,130.0,18.5,6370.0,3462.2000000000003,0
C00615,2,826.35,0.32284999999999997,116.5,20.0,6530.0,3914.4,0
C00623,2,855.0,0.2782,68.5,21.5,3040.0,1867.8,1
C00624,2,865.0,0.1093,47.5,18.5,3590.0,1937.2,1
C00627,2,1075.0,0.3569,87.5,21.0,4300.0,2732.0,0
C00628,3,1016.6666666666666,0.34990000000000004,99.66666666666667,19.666666666666668,5120.0,2872.0,1
C00631,3,1012.2333333333332,0.3611,71.33333333333333,19.666666666666668,7140.0,4098.8,1
C00640,2,1027.5,0.27545,79.5,18.5,10630.0,5929.400000000001,1
C00641,2,855.0,0.27025,83.5,19.5,3420.0,1726.0,1
C00653,2,545.0,0.1852,71.5,21.0,1900.0,1186.2,1
C00654,2,812.5,0.2243,75.5,19.0,5100.0,2746.3999999999996,1
C00658,2,709.35,0.26615,90.0,18.0,5640.0,3115.2,1
C00660,4,915.2,0.38265,88.75,20.5,10200.0,6289.6,2
C00666,2,1081.65,0.35265,101.0,20.5,7700.0,4164.2,0
C00667,2,1182.5,0.35450000000000004,95.0,19.0,7140.0,4041.0,1
C00671,2,866.65,0.45395,130.5,21.0,5200.0,3234.8,0
C00674,4,1015.0,0.401525,109.0,19.75,8120.0,4661.0,2
C00679,2,825.0,0.21225,88.0,21.0,3300.0,1953.0,1
C00680,2,1022.5,0.44045,98.5,20.0,9090.0,5529.6,0
C00682,3,910.0,0.3932,115.66666666666667,20.0,10470.0,6170.0,0
C00686,2,840.0,0.3689,105.0,20.0,4300.0,2347.0,0
C00688,2,685.0,0.27095,95.0,19.5,2740.0,1578.8000000000002,1
C00692,2,930.0,0.34555,110.5,18.5,9490.0,5139.2,1
C00693,4,1043.325,0.21675,72.75,19.25,8950.0,5018.8,1
C00695,3,763.3333333333334,0.4002666666666667,103.33333333333333,20.666666666666668,7280.0,3950.2,0
C00702,3,1036.6666666666667,0.5594333333333333,91.0,20.666666666666668,6220.0,4052.6,0
C00704,2,882.5,0.46840000000000004,95.0,18.5,3530.0,2051.4,1
C00706,2,1215.0,0.44765,122.0,22.5,6280.0,3810.4,0
C00707,2,670.0,0.1704,96.0,19.0,2680.0,1471.8,1
C00709,3,1068.8666666666666,0.31370000000000003,97.33333333333333,19.333333333333332,7980.0,4464.0,1
C00711,3,846.6666666666666,0.4263333333333333,86.33333333333333,20.666666666666668,7030.0,4261.200000000001,0
C00713,2,625.0,0.50945,121.5,19.5,3760.0,2009.0,0
C00720,4,579.825,0.11075,80.0,19.25,8650.0,4546.4,1
C00721,2,772.5,0.14049999999999999,71.5,19.5,4540.0,2281.2,1
C00723,2,756.65,0.3484,136.5,20.0,3580.0,1939.8000000000002,0
C00724,2,650.0,0.21385,69.5,19.0,4260.0,2290.7999999999997,1
C00725,3,1065.0,0.2058333333333333,80.66666666666667,19.666666666666668,9780.0,5239.4,1
C00730,2,962.5,0.3323,80.5,20.5,2730.0,1724.0,1
C00731,2,1300.0,0.2863,48.5,21.0,5200.0,3027.8,1
C00737,2,880.0,0.58785,68.5,20.5,3240.0,1887.6,0
C00742,4,937.925,0.35350000000000004,119.0,21.75,9650.0,5567.8,2
C00748,3,1075.5666666666666,0.39303333333333335,84.33333333333333,17.666666666666668,9060.0,4971.6,1
C00749,2,1165.0,0.321,90.5,22.0,4660.0,2943.2,0
C00752,2,1015.0,0.1517,94.0,20.5,4640.0,2450.6,1
C00757,3,781.6666666666666,0.5613666666666667,124.0,22.666666666666668,7360.0,4704.8,0
C00763,3,745.0,0.2899666666666667,121.66666666666667,19.666666666666668,8190.0,4636.0,1
C00766,2,1357.5,0.41135,149.0,18.0,9280.0,5490.2,0
C00770,4,714.175,0.340075,91.5,21.25,6650.0,3750.8,2
C00771,2,763.35,0.43655,90.0,20.5,3600.0,2069.8,0
C00773,3,935.0,0.23653333333333335,95.0,19.333333333333332,5610.0,3292.8,1
C00779,5,964.0,0.29752,97.0,19.2,15060.0,8278.800000000001,2
C00780,2,811.25,0.19135,77.0,21.0,5610.0,3250.8,1
C00781,2,430.0,0.3281,74.5,22.5,860.0,588.8,1
C00782,2,495.0,0.2828,130.5,23.0,1980.0,1136.0,0
C00783,2,1158.75,0.48960000000000004,129.5,21.0,7140.0,4531.6,0
C00784,3,949.1,0.4471666666666667,125.33333333333333,20.666666666666668,8410.0,4976.400000000001,0
C00785,3,863.7666666666668,0.4736,125.33333333333333,18.666666666666668,7920.0,4649.4,0
C00787,2,608.35,0.14285,82.5,21.0,3160.0,1523.4,1
C00788,5,881.68,0.22383999999999998,97.4,20.8,12170.0,6956.8,2
C00792,2,708.75,0.5252,113.5,20.0,5670.0,3189.6,0
C00795,3,955.0,0.17593333333333336,91.33333333333333,19.0,5730.0,3057.0,1
C00797,2,933.35,0.37195,108.5,21.0,7340.0,4087.8,0
C00798,2,927.5,0.31875000000000003,113.0,18.5,4980.0,2612.0,1
C00801,2,867.5,0.3142,77.0,20.5,3470.0,2119.8,1
C00802,2,761.65,0.36785,87.0,19.5,3580.0,1939.8,1
C00804,3,764.0,0.38566666666666666,107.0,18.666666666666668,10340.0,5677.8,1
C00805,5,946.0,0.40358,128.2,20.6,16740.0,9934.2,2
C00806,2,898.35,0.4327,88.5,21.0,3430.0,2177.0,0
C00812,2,678.75,0.5472,106.0,21.0,5430.0,3174.0,0
C00815,3,925.0,0.4396,108.0,21.0,7840.0,4358.4,0
C00816,2,773.35,0.4834,70.5,19.5,4640.0,2732.8,1
C00818,2,977.5,0.36125,101.5,20.5,4900.0,2633.4,0
C00822,2,1163.35,0.3247,87.0,23.0,5650.0,3649.8,0
C00823,3,866.1,0.31170000000000003,97.0,19.333333333333332,6060.0,3320.7999999999997,1
C00825,3,1030.0,0.19866666666666666,72.33333333333333,20.666666666666668,5020.0,2921.3999999999996,1
C00827,2,920.0,0.0,75.0,20.0,3400.0,1889.6000000000001,1
C00828,2,643.35,0.19195,93.5,19.5,3860.0,2138.2,1
C00832,2,975.0,0.38029999999999997,69.0,19.5,2460.0,1371.0,1
C00833,2,1072.1,0.54,108.5,20.0,7510.0,4497.0,0
C00836,2,848.35,0.52475,116.5,22.0,4220.0,2470.4,0
C00839,4,829.175,0.301275,81.75,21.25,9700.0,5400.8,2
C00840,2,993.65,0.2437,84.0,19.0,7890.0,4335.2,1
C00842,2,1110.0,0.236,125.0,21.0,6820.0,3732.6000000000004,0
C00843,3,846.6666666666666,0.06280000000000001,87.33333333333333,21.666666666666668,3200.0,1938.8000000000002,1
C00845,2,1008.35,0.5466500000000001,130.5,23.0,6050.0,3580.2,0
C00849,2,903.35,0.1159,68.5,20.0,4620.0,2496.8,1
C00850,2,1190.0,0.3077,79.5,21.0,4760.0,2967.2000000000003,0
C00851,2,529.35,0.24675000000000002,53.5,19.0,3940.0,2162.8,1
C00853,2,1450.0,0.14315,56.5,20.5,3250.0,1939.8,1
C00854,2,665.0,0.215,67.0,20.0,2660.0,1330.4,1
C00857,2,795.0,0.38794999999999996,104.0,21.0,4740.0,2962.6,0
C00858,2,576.0,0.10385,63.0,19.0,4080.0,2198.0,1
C00861,2,949.15,0.6859999999999999,115.0,21.5,6830.0,4215.6,0
C00864,2,561.65,0.0654,93.5,20.0,2960.0,1519.8000000000002,1
C00865,4,901.675,0.30967500000000003,63.75,21.0,7940.0,4414.4,2
C00867,2,762.5,0.44265,101.5,19.5,6100.0,3611.8,0
C00873,2,1126.25,0.32815,110.0,22.5,6570.0,3607.4,0
C00874,2,653.35,0.3247,114.0,19.0,6480.0,3629.4,1
C00875,2,916.65,0.35555000000000003,84.0,20.0,7780.0,4506.8,1
C00883,2,1142.5,0.31155,80.0,19.5,4570.0,2677.2,1
C00888,2,1241.65,0.619,125.0,23.5,7450.0,4637.2,0
C00890,2,793.35,0.2733,60.5,19.0,3720.0,2131.0,1
C00892,2,575.0,0.0,66.0,18.5,2300.0,1389.2,1
C00896,2,812.5,0.3336,111.0,20.5,6500.0,3544.8,0
C00898,2,683.35,0.22699999999999998,77.5,19.5,3540.0,2089.6,1
C00901,3,902.2333333333332,0.27196666666666663,67.66666666666667,21.0,6840.0,3983.7999999999997,1
C00903,2,680.0,0.30355,53.0,20.5,1360.0,851.8,1
C00912,2,984.15,0.51275,84.5,24.0,6630.0,3924.4,0
C00915,2,910.0,0.33225000000000005,109.0,20.5,4420.0,2790.4,0
C00919,2,1216.65,0.4708,140.0,19.5,12220.0,7323.4,0
C00921,2,740.0,0.6131,142.5,22.5,2960.0,1904.4,0
C00925,5,834.3399999999999,0.25406,96.8,20.4,8890.0,5136.2,2
C00926,3,1098.8999999999999,0.25866666666666666,91.66666666666667,19.333333333333332,6080.0,3219.4,1
C00930,2,715.0,0.5,61.0,19.5,2140.0,1262.8,1
C00932,4,883.325,0.31925,101.5,20.5,11840.0,6882.4,2
C00935,3,843.3333333333334,0.1729333333333333,79.33333333333333,20.0,6860.0,3843.4,1
C00939,4,883.125,0.32887500000000003,92.0,19.5,9090.0,4880.8,2
C00941,3,1009.3333333333334,0.4963333333333333,151.0,20.666666666666668,12310.0,7246.2,0
C00942,4,757.5,0.23807499999999998,64.25,20.75,6060.0,3552.0,1
C00943,3,847.7666666666668,0.3394333333333333,88.33333333333333,19.666666666666668,10000.0,5594.0,1
C00948,2,842.5,0.58945,103.0,22.5,5390.0,3356.6000000000004,0
C00955,2,951.25,0.5654,131.0,22.0,5840.0,3863.0,0
C00958,2,1140.0,0.2857,100.5,22.0,3400.0,2062.2,0
C00959,2,1315.0,0.4682,83.5,19.5,5260.0,3118.4,0
C00964,2,1350.0,0.2894,91.0,20.5,6760.0,3702.3999999999996,0
C00965,2,832.5,0.17215,81.0,21.0,3330.0,1878.6,1
C00973,2,1117.5,0.27365,89.5,18.0,4470.0,2699.4,1
C00976,2,870.85,0.38555,106.5,21.5,4270.0,2643.4,0
C00978,3,701.1,0.32560000000000006,83.66666666666667,20.666666666666668,4940.0,2836.8,1
C00980,2,790.0,0.17045,106.0,19.0,3160.0,1615.2,1
C00983,2,882.5,0.2651,52.5,20.5,3530.0,2017.6,1
C00984,2,670.0,0.42435,102.0,22.5,2680.0,1658.0,0
C00985,3,1011.1,0.17596666666666663,92.66666666666667,20.666666666666668,4540.0,2329.0,1
C00989,2,1282.5,0.40225,107.5,21.0,5130.0,2879.3999999999996,0
C00992,3,752.7666666666668,0.24239999999999998,105.0,19.333333333333332,9110.0,4863.6,1
C00994,2,950.0,0.31279999999999997,73.0,21.0,5670.0,3334.6,1
C01003,3,695.0,0.3486,137.0,20.333333333333332,7280.0,3868.2000000000003,0
C01007,2,795.5,0.35660000000000003,89.5,20.0,4730.0,2595.8,1
C01008,3,1100.0,0.27516666666666667,96.0,19.333333333333332,9180.0,5051.0,1
C01009,3,645.0,0.4403333333333334,111.66666666666667,20.0,4700.0,2919.2,0
C01012,2,1351.65,0.4132,96.0,19.0,6950.0,4086.6000000000004,0
C01015,3,798.3333333333334,0.1763,88.66666666666667,19.333333333333332,4790.0,2755.8,1
C01017,2,1182.5,0.4479,101.0,21.0,6910.0,3922.2,0
C01019,2,905.0,0.3202,96.0,20.5,4320.0,2535.6,1
C01021,2,745.85,0.43210000000000004,140.0,22.5,5330.0,3265.4,0
C01022,2,920.0,0.37174999999999997,72.0,21.5,5060.0,2435.0,0
C01026,3,844.4333333333334,0.18610000000000002,81.0,20.666666666666668,6210.0,3613.0,1
C01029,2,618.35,0.12395,96.5,22.0,3280.0,2064.4,1
C01035,2,945.85,0.44489999999999996,99.5,22.5,6620.0,3995.0,0
C01037,2,798.35,0.32180000000000003,97.0,18.0,4360.0,2620.6000000000004,1
C01038,2,1253.35,0.52825,145.5,22.0,6690.0,4253.2,0
C01041,4,733.325,0.46365,114.75,20.5,8270.0,4744.0,2
C01042,2,1290.0,0.6127,113.0,20.0,6740.0,4310.0,0
C01043,3,1317.2333333333333,0.31303333333333333,92.0,19.0,9310.0,5447.6,1
C01045,4,1085.4,0.5721499999999999,109.5,20.0,11510.0,6965.200000000001,2
C01047,2,723.35,0.3363,124.5,20.0,6020.0,3256.6000000000004,0
C01051,2,816.0,0.1376,110.0,20.5,5880.0,3394.2,1
C01052,4,948.925,0.37544999999999995,92.5,20.0,13580.0,7597.6,2
C01055,2,956.65,0.19585,103.0,19.0,8320.0,4968.6,1
C01062,2,673.35,0.17035,100.0,19.0,3300.0,1760.8,1
C01063,3,1069.4333333333334,0.24103333333333335,120.66666666666667,20.333333333333332,9720.0,5192.2,0
C01073,3,1018.3333333333334,0.6486,94.33333333333333,19.333333333333332,8040.0,4600.8,0
C01074,3,840.0,0.19410000000000002,91.66666666666667,20.333333333333332,6580.0,3764.6000000000004,1
C01079,3,793.3333333333334,0.2074666666666667,94.66666666666667,21.0,6180.0,3511.4,1
C01082,2,1082.5,0.44404999999999994,86.0,21.0,4330.0,2693.0,0
C01084,3,933.3333333333334,0.24993333333333334,93.33333333333333,21.333333333333332,6000.0,3081.2,1
C01085,2,560.85,0.43815,101.5,20.5,3890.0,1999.2,0
C01088,2,940.85,0.33845,105.0,21.5,6700.0,3934.0,0
C01090,3,1265.0,0.5247666666666667,87.0,22.0,12460.0,7392.8,0
C01094,3,1116.6666666666667,0.26983333333333337,113.33333333333333,18.666666666666668,11100.0,6421.8,1
C01102,3,918.3333333333334,0.37213333333333337,102.33333333333333,19.666666666666668,10120.0,5874.4,1
C01105,2,1186.65,0.55035,136.0,22.0,8840.0,5222.0,0
C01107,3,1076.6666666666667,0.0662,71.66666666666667,20.666666666666668,6460.0,3286.8,1
C01108,2,695.0,0.3034,73.5,19.0,3960.0,2292.8,1
C01114,2,718.3,0.54615,121.5,21.5,4310.0,2724.2,0
C01115,3,947.5,0.35083333333333333,105.0,20.666666666666668,8370.0,5144.8,0
C01119,2,732.5,0.50915,114.5,21.5,4580.0,2825.8,0
C01120,3,1096.6666666666667,0.4004666666666667,83.0,21.0,7770.0,4690.4,0
C01123,4,1065.825,0.516125,117.5,19.75,17890.0,10746.2,2
C01126,2,995.0,0.2619,59.5,19.5,5170.0,3182.8,1
C01129,3,993.3333333333334,0.3196666666666667,86.33333333333333,20.666666666666668,5320.0,3067.8,1
C01132,2,913.35,0.4513,107.0,20.5,4740.0,2743.6000000000004,0
C01144,3,945.5666666666666,0.36906666666666665,114.33333333333333,20.0,7830.0,4475.8,0
C01151,2,643.35,0.2875,74.0,20.0,3160.0,1795.4,1
C01153,2,1035.0,0.26315,117.0,20.5,4140.0,2259.0,0
C01154,2,1600.0,0.32165,78.0,21.5,4400.0,2640.0,0
C01157,3,753.3333333333334,0.30593333333333333,92.33333333333333,19.666666666666668,8660.0,4988.4,1
C01159,2,1205.35,0.36360000000000003,95.5,19.0,9440.0,5294.4,1
C01162,2,1238.35,0.41265,98.0,20.5,6020.0,3747.4,0
C01174,3,1092.5,0.5168,92.33333333333333,18.666666666666668,9070.0,5455.2,0
C01177,2,1137.5,0.33155,90.5,19.5,6420.0,3597.2,1
C01185,2,770.0,0.47975,111.5,20.0,6160.0,3817.2,0
C01187,2,1351.25,0.4689,132.5,22.0,9190.0,5025.4,0
C01192,3,583.3333333333334,0.28543333333333337,93.0,20.333333333333332,3500.0,1966.6,1
C01193,2,1115.0,0.27385,97.5,21.0,4460.0,2578.8,0
C01194,2,1210.0,0.24285,89.0,19.0,7260.0,4044.2000000000003,1
C01195,2,675.0,0.5396,65.5,23.0,2240.0,1443.6,0
C01200,2,1074.0,0.29945,94.5,19.5,7680.0,4396.0,1
C01206,2,1048.75,0.29835,129.0,21.0,6730.0,3712.4,0
C01212,2,931.25,0.32795,89.5,18.5,5710.0,3127.2,1
C01219,3,1074.4333333333334,0.6163333333333333,98.0,20.333333333333332,6300.0,3866.6000000000004,0
C01222,2,1201.25,0.3917,64.5,20.0,9610.0,5500.0,1
C01224,2,792.5,0.0625,54.5,19.0,4100.0,2141.2,1
C01226,2,1219.15,0.43399999999999994,82.0,21.0,6010.0,3586.0,0
C01233,2,510.0,0.0,57.5,19.0,1460.0,680.0,1
C01236,2,886.0,0.4688,74.5,21.0,6340.0,3668.0,0
C01244,2,1201.25,0.3977,134.5,18.5,9610.0,5583.2,0
C01246,2,741.65,0.53165,79.0,21.5,3490.0,2012.6,0
C01251,4,739.175,0.5100250000000001,105.0,21.25,9760.0,5634.6,2
C01254,2,735.0,0.39985000000000004,87.5,23.0,3480.0,2213.2,0
C01259,2,991.65,0.2363,101.5,18.0,4940.0,2909.0,1
C01263,2,1150.0,0.4051,101.0,22.5,4600.0,2907.0,0
C01264,2,725.0,0.28735,68.5,20.0,4640.0,2651.6,1
C01266,2,1147.5,0.63025,142.5,21.0,4590.0,2918.4,0
C01268,5,973.1600000000001,0.34342,91.2,20.2,13410.0,7934.6,2
C01269,2,955.0,0.20095,87.5,20.5,2980.0,1810.6,1
C01271,2,1090.0,0.37979999999999997,78.5,19.0,4360.0,2798.8,1
C01273,2,305.0,0.0,45.5,19.5,1220.0,582.4,1
C01279,5,724.74,0.1967,84.6,19.4,10070.0,5374.0,2
C01280,4,716.25,0.412175,99.75,21.75,6140.0,3609.4,2
C01282,2,795.0,0.35875,98.5,19.5,7740.0,4162.2,1
C01286,2,918.35,0.17895,78.0,19.0,4560.0,2229.2,1
C01296,2,685.0,0.2596,97.0,20.5,2900.0,1589.0,1
C01297,3,621.6666666666666,0.16383333333333333,87.0,20.333333333333332,5000.0,2808.4,1
C01299,2,853.35,0.42119999999999996,107.5,20.0,6360.0,3938.0,0
C01300,6,1007.5,0.4446666666666667,126.33333333333333,20.666666666666668,16180.0,9586.0,2
C01305,2,1282.5,0.13055,80.5,19.5,5130.0,2894.4,1
C01309,2,1350.0,0.45855,113.0,21.0,4060.0,2415.6000000000004,0
C01310,2,719.0,0.12965,93.5,18.5,4820.0,2615.6,1
C01311,3,1270.0,0.3086333333333333,105.33333333333333,19.0,7620.0,4561.8,1
C01314,2,1026.65,0.5923,109.0,21.0,7240.0,4428.0,0
C01316,2,880.0,0.47475,107.0,21.5,8800.0,4791.2,0
C01317,3,785.0,0.18953333333333333,94.66666666666667,19.666666666666668,6300.0,3466.8,1
C01318,2,784.15,0.47505,69.0,19.0,6350.0,3586.7999999999997,1
C01322,2,1485.0,0.0951,70.5,18.5,5940.0,3055.4,1
C01324,2,1245.0,0.45885000000000004,93.0,20.0,3200.0,1890.0,0
C01329,2,530.0,0.4121,96.5,21.0,1460.0,801.8,0
C01333,2,1072.5,0.60185,133.0,22.5,8930.0,5322.8,0
C01335,2,1065.0,0.2125,98.0,19.0,4260.0,2628.8,1
C01337,2,990.0,0.5846,97.0,21.5,2940.0,1798.1999999999998,0
C01339,3,805.2666666666668,0.34450000000000003,87.33333333333333,20.333333333333332,7110.0,3912.6000000000004,1
C01340,2,1035.0,0.2738,65.5,21.5,4140.0,2426.6,1
C01341,3,696.6666666666666,0.17036666666666667,82.33333333333333,20.333333333333332,5420.0,2882.2,1
C01343,4,615.0,0.230475,99.25,21.25,6200.0,3365.2,2
C01345,3,417.76666666666665,0.1228,85.0,19.0,2760.0,1192.4,1
